{
	"name": "openui5.googlemaps.library-preload",
	"version": "2.0",
	"modules": {
		"openui5/googlemaps/../../dist/openui5/googlemaps/Animation.js": "/**\n * openui5-googlemaps - OpenUI5 Google Maps library\n * @version v1.0.4\n * @link http://jasper07.github.io/openui5-googlemaps/\n * @license MIT\n */\nsap.ui.define(\"openui5/googlemaps/Animation\",[\"jquery.sap.global\"],function(e){\"use strict\";return{BOUNCE:1,DROP:2,k:3,j:4}},!0);",
		"openui5/googlemaps/../../dist/openui5/googlemaps/Directions.js": "/**\n * openui5-googlemaps - OpenUI5 Google Maps library\n * @version v1.0.4\n * @link http://jasper07.github.io/openui5-googlemaps/\n * @license MIT\n */\nsap.ui.define([\"jquery.sap.global\",\"sap/ui/core/Control\",\"google.maps\",\"./TravelMode\",\"./UnitSystem\"],function(t,e,i,s,o){\"use strict\";var n=e.extend(\"openui5.googlemaps.Directions\",{metadata:{properties:{startAddress:{type:\"string\",bindable:\"bindable\"},endAddress:{type:\"string\",bindable:\"bindable\"},travelMode:{type:\"string\",defaultValue:s.driving},optimizeWaypoints:{type:\"boolean\"},unitSystem:{type:\"string\",defaultValue:o.metric}},defaultAggregation:\"waypoints\",aggregations:{waypoints:{type:\"openui5.googlemaps.Waypoint\",multiple:!0,bindable:\"bindable\"}},events:{response:{}},renderer:{}}});return n.prototype.setStartAddress=function(t){this.setProperty(\"startAddress\",t,!0),this.route()},n.prototype.setEndAddress=function(t){this.setProperty(\"endAddress\",t,!0),this.route()},n.prototype.setTravelMode=function(t){this.setProperty(\"travelMode\",t,!0),this.route()},n.prototype.setOptimizeWaypoints=function(t){this.setProperty(\"optimizeWaypoints\",t,!0),this.route()},n.prototype.getWaypointLocations=function(){var t=[];return this.getWaypoints().forEach(function(e){t.push({location:e.getLocation(),stopover:e.getStopover()})}),t},n.prototype._mapRendered=function(t){this.map=t,this.mapChanged()},n.prototype.responseChanged=function(){this.directions&&this.response&&this.directions.setDirections(this.response)},n.prototype.mapChanged=function(){this.directions||(this.directions=new i.DirectionsRenderer),this.directions.setMap(this.map),this.route()},n.prototype.getRequest=function(){var t={};return t.origin=this.getStartAddress(),t.destination=this.getEndAddress(),t.travelMode=this.getTravelMode(),t.unitSystem=this.getUnitSystem(),t.optimizeWaypoints=this.getOptimizeWaypoints(),t.waypoints=this.getWaypointLocations(),t},n.prototype.route=function(){this.map&&this.getStartAddress()&&this.getEndAddress()&&(this.directionsService||(this.directionsService=new i.DirectionsService),t.sap.clearDelayedCall(this.delayedCallId),this.delayedCallId=t.sap.delayedCall(0,this,function(){this.directionsService.route(this.getRequest(),this.routeResponse.bind(this))}))},n.prototype.routeResponse=function(e,s){s===i.DirectionsStatus.OK&&(t.sap.log.debug(\"Directions :: route response -\"+e.toString(),this),this.response=e,this.responseChanged(),this.fireResponse({response:e}))},n.prototype.reset=function(){this.directions&&(this.directions.setMap(null),this.directions=null)},n.prototype.exit=function(){this.reset()},n},!0);",
		"openui5/googlemaps/../../dist/openui5/googlemaps/library.js": "/**\n * openui5-googlemaps - OpenUI5 Google Maps library\n * @version v1.0.4\n * @link http://jasper07.github.io/openui5-googlemaps/\n * @license MIT\n */\nsap.ui.define([\"jquery.sap.global\",\"sap/ui/core/Core\",\"sap/ui/core/library\"],function(e){\"use strict\";return function(){var o=e.sap.getResourcePath(\"openui5/googlemaps/loadScripts\");e.sap.registerResourcePath(\"google.maps\",o),e.sap.require(\"openui5.googlemaps.MapTypeId\"),e.sap.require(\"openui5.googlemaps.Animation\"),e.sap.require(\"openui5.googlemaps.TravelMode\"),e.sap.require(\"openui5.googlemaps.UnitSystem\"),sap.ui.getCore().initLibrary({name:\"openui5.googlemaps\",dependencies:[\"sap.ui.core\"],types:[\"openui5.googlemaps.MapTypeId\",\"openui5.googlemaps.Animation\",\"openui5.googlemaps.TravelMode\",\"openui5.googlemaps.UnitSystem\"],interfaces:[],controls:[\"openui5.googlemaps.loadScripts\",\"openui5.googlemaps.Map\",\"openui5.googlemaps.Marker\",\"openui5.googlemaps.Polyline\",\"openui5.googlemaps.Polygon\",\"openui5.googlemaps.Directions\",\"openui5.googlemaps.Waypoint\",\"openui5.googlemaps.MarkerCluster\"],elements:[\"openui5.googlemaps.MapsApi\"],version:\"0.0.29\"})}(),!0},!0);",
		"openui5/googlemaps/../../dist/openui5/googlemaps/loadScripts.js": "/**\n * openui5-googlemaps - OpenUI5 Google Maps library\n * @version v1.0.4\n * @link http://jasper07.github.io/openui5-googlemaps/\n * @license MIT\n */\nsap.ui.define([\"jquery.sap.global\"],function(i){\"use strict\";return function(){var e={};return e.notifyEvent=\"google.maps.loaded\",e.isLoaded=new Promise(function(i){e.callBack=function(){this.loaded=!0,sap.ui.getCore().getEventBus().publish(this.notifyEvent),i()}}),e.loadFromMapsApi=function(e){if(void 0!==this.loaded)return void i.sap.log.warning(\"Can't load the Google Api scripts twice\");this.loaded=!1,i.sap.includeScript(e.getLibraryURL(),\"google.maps\",null,null)},e}()},!0);",
		"openui5/googlemaps/../../dist/openui5/googlemaps/Map.js": "/**\n * openui5-googlemaps - OpenUI5 Google Maps library\n * @version v1.0.4\n * @link http://jasper07.github.io/openui5-googlemaps/\n * @license MIT\n */\nsap.ui.define([\"jquery.sap.global\",\"sap/ui/core/Control\",\"sap/ui/core/ResizeHandler\",\"google.maps\",\"./MapsApi\",\"./MapUtils\",\"./MapTypeId\"],function(t,e,i,s,a,o,n){\"use strict\";var r=e.extend(\"openui5.googlemaps.Map\",{metadata:{properties:{lat:{type:\"float\",bindable:\"bindable\",defaultValue:1},lng:{type:\"float\",bindable:\"bindable\",defaultValue:1},width:{type:\"sap.ui.core.CSSSize\",group:\"Dimension\",defaultValue:\"auto\"},height:{type:\"sap.ui.core.CSSSize\",group:\"Dimension\",defaultValue:\"20em\"},zoom:{type:\"int\",defaultValue:8},disableDefaultUI:{type:\"boolean\",defaultValue:!0},mapTypeId:{type:\"string\",defaultValue:n.ROADMAP},panControl:{type:\"boolean\",defaultValue:!1},zoomControl:{type:\"boolean\",defaultValue:!1},mapTypeControl:{type:\"boolean\",defaultValue:!1},streetViewControl:{type:\"boolean\",defaultValue:!1},fitToMarkers:{type:\"boolean\",defaultValue:!1},mapsUrl:{type:\"string\",defaultValue:\"\"},apiKey:{type:\"string\",defaultValue:\"\"},clientId:{type:\"string\",defaultValue:\"\"},version:{type:\"string\",defaultValue:\"3.exp\"},language:{type:\"string\",defaultValue:\"\"},signedIn:{type:\"boolean\",defaultValue:!1}},defaultAggregation:\"markers\",aggregations:{markers:{type:\"openui5.googlemaps.Marker\",multiple:!0,bindable:\"bindable\"},polylines:{type:\"openui5.googlemaps.Polyline\",multiple:!0,bindable:\"bindable\"},polygons:{type:\"openui5.googlemaps.Polygon\",multiple:!0,bindable:\"bindable\"},directions:{type:\"openui5.googlemaps.Directions\",multiple:!1,bindable:\"bindable\"},markerCluster:{type:\"openui5.googlemaps.MarkerCluster\",multiple:!1,bindable:\"bindable\"}},events:{ready:{},click:{}}},renderer:function(t,e){t.write(\"<div \"),t.writeControlData(e),t.addStyle(\"width\",\"auto\"),t.addStyle(\"height\",\"auto\"),t.writeClasses(),t.writeStyles(),t.write(\">\"),t.renderControl(e._html),t.write(\"</div>\")}});return r.prototype.init=function(){this._dragging=!1,this.aListeners=[],this.mapId=this.getId()+\"-map\",this._html=new sap.ui.core.HTML({content:\"<div style='height: \"+this.getHeight()+\";width: \"+this.getWidth()+\";' id='\"+this.mapId+\"'></div>\"})},r.prototype.onBeforeRendering=function(){void 0===s.loaded&&void 0===this._oMapsApi&&(this._oMapsApi=new a({mapsUrl:this.getMapsUrl(),apiKey:this.getApiKey(),clientId:this.getClientId(),version:this.getVersion(),language:this.getLanguage(),signedIn:this.getSignedIn()}),this._oMapsApi.load())},r.prototype.setHeight=function(t){return this.setProperty(\"height\",t,!0),this.setSize(),this},r.prototype.setWidth=function(t){return this.setProperty(\"width\",t,!0),this.setSize(),this},r.prototype.setSize=function(){if(t.sap.domById(this.mapId))t.sap.byId(this.mapId).css(\"height\",this.getHeight()).css(\"width\",this.getWidth());else{var e=t(this._html.getContent());e.css(\"height\",this.getHeight()).css(\"width\",this.getWidth()),this._html.setContent(e.outerHTML())}return this},r.prototype.setZoom=function(t){return this.setProperty(\"zoom\",t,!0),this.map&&t!==this.map.getZoom()&&this.map.setZoom(t),this},r.prototype.setLat=function(t){var e=parseFloat(t);return o.floatEqual(e,this.getLat())||(this.setProperty(\"lat\",e,!0),this._updateCenter()),this},r.prototype.setLng=function(t){var e=parseFloat(t);return o.floatEqual(e,this.getLng())||(this.setProperty(\"lng\",e,!0),this._updateCenter()),this},r.prototype.setFitToMarkers=function(t){return this.setProperty(\"fitToMarkers\",t,!0),this._fitToMarkers(),this},r.prototype._updateCenter=function(){this.map&&null!==this.getLat()&&null!==this.getLng()&&(t.sap.clearDelayedCall(this.delayedCallId),this.delayedCallId=t.sap.delayedCall(0,this,function(){this.map.setCenter(new s.LatLng(this.getLat(),this.getLng())),this.notifyAggregations(\"mapRendered\")}))},r.prototype.setMapTypeId=function(t){return this.setProperty(\"mapTypeId\",t,!0),this.map&&t!==this.map.getMapTypeId()&&this.map.setMapTypeId(t),this},r.prototype.setZoomControl=function(t){return this.setProperty(\"zoomControl\",t,!0),this.map&&t!==this.map.zoomControl&&(this.map.zoomControl=t),this},r.prototype.setDisableDefaultUI=function(t){return this.setProperty(\"disableDefaultUI\",t,!0),this.map&&this.map.setOptions({disableDefaultUI:this.getDisableDefaultUI()}),this},r.prototype.zoomChanged=function(){this.map.getZoom()!==this.getZoom()&&this.setZoom(this.map.getZoom())},r.prototype.mapTypeIdChanged=function(){this.map.getMapTypeId()!==this.getMapTypeId()&&this.setMapTypeId(this.map.getMapTypeId())},r.prototype.onResize=function(){var t=this.map.getCenter();this.trigger(\"resize\"),this.map.setCenter(t)},r.prototype._getMapOptions=function(){var t={};return t.zoom=this.getZoom(),t.center=new s.LatLng(this.getLat(),this.getLng()),t.disableDefaultUI=this.getDisableDefaultUI(),t.mapTypeId=this.getMapTypeId(),t.panControl=this.getPanControl(),t.zoomControl=this.getZoomControl(),t.mapTypeControl=this.getMapTypeControl(),t.streetViewControl=this.getStreetViewControl(),t},r.prototype.notifyAggregations=function(t){var e=this.getMetadata().getAggregations(),i=Object.keys(e).map(function(t){return e[t]}),s=this.map,a=function(e){e[\"_\"+t](s)};i.forEach(function(t){var e=this[t._sGetter]();e&&(!0===t.multiple?e.forEach(a):a(e))}.bind(this))},r.prototype.onAfterRendering=function(){if(!s.loaded)return void(void 0===this.subscribed&&(sap.ui.getCore().getEventBus().subscribe(s.notifyEvent,this.createMap,this),this.subscribed=!0));this.initialized?this._updateCenter():this.createMap()},r.prototype.createMap=function(){this.getLat()&&this.getLng()&&(this.map=new s.Map(t.sap.domById(this.mapId),this._getMapOptions()),this.notifyAggregations(\"mapRendered\"),this.addListener(\"drag\",this.isDragging.bind(this)),this.addListener(\"dragstart\",this.isDragging.bind(this)),this.addListener(\"zoom_changed\",this.zoomChanged.bind(this)),this.addListener(\"idle\",this.mapChanged.bind(this)),this.addListener(\"maptypeid_changed\",this.mapTypeIdChanged.bind(this)),this.addListener(\"click\",this.clicked.bind(this)),this.resizeID=i.register(t.sap.domById(this.mapId),this.onResize.bind(this)),this._fitToMarkers(),this.initialized=!0)},r.prototype.addListener=function(t,e){this.aListeners.push(o.addListener(this.map,t,e))},r.prototype.removeListeners=function(){this.aListeners.forEach(function(t){t.remove()}),this.aListeners=[]},r.prototype.trigger=function(t,e){s.event.trigger(this.map,t,e)},r.prototype.isDragging=function(){this._dragging=!0},r.prototype.isNotDragging=function(){this._dragging=!1},r.prototype.mapChanged=function(){this._dragging&&this.isNotDragging(),this.fireReady({map:this.map,context:this.getBindingContext(),lat:this.getLat(),lng:this.getLng()})},r.prototype._fitToMarkers=function(){if(this.map&&this.getFitToMarkers()&&this.getMarkers().length>0){var t=new s.LatLngBounds;this.getMarkers().forEach(function(e){t.extend(e.marker.getPosition())}),this.getMarkers().length>1&&this.map.fitBounds(t)}},r.prototype.resetMap=function(){this.removeListeners(),this.map&&this.map.set(null)},r.prototype.exit=function(){this.resetMap(),i.deregister(this.resizeID)},r.prototype.clicked=function(t){this.fireClick({map:this.map,context:this.getBindingContext(),lat:t.latLng.lat(),lng:t.latLng.lng()})},r},!0);",
		"openui5/googlemaps/../../dist/openui5/googlemaps/MapsApi.js": "/**\n * openui5-googlemaps - OpenUI5 Google Maps library\n * @version v1.0.4\n * @link http://jasper07.github.io/openui5-googlemaps/\n * @license MIT\n */\nsap.ui.define([\"sap/ui/base/ManagedObject\",\"google.maps\"],function(e,t){\"use strict\";return e.extend(\"openui5.googlemaps.MapsApi\",{constructor:function(t,i){e.apply(this,arguments)},metadata:{properties:{mapsUrl:{type:\"string\",defaultValue:\"\"},apiKey:{type:\"string\",defaultValue:\"\"},clientId:{type:\"string\",defaultValue:\"\"},version:{type:\"string\",defaultValue:\"3.exp\"},language:{type:\"string\",defaultValue:\"\"},signedIn:{type:\"boolean\",defaultValue:!1}}},getLibraryURL:function(){var e=this.getMapsUrl();e||(e=location.protocol.replace(\"file\",\"https\")+\"//maps.google.com/maps/api/js?\"),jQuery.sap.endsWith(e,\"?\")||(e+=\"?\");var t=e+\"&v=\"+this.getVersion();if(t+=\"&libraries=drawing,geometry,places,visualization\",t+=\"&callback=google.maps.callBack\",this.getApiKey()&&!this.getClientId()&&(t+=\"&key=\"+this.getApiKey()),this.getClientId()&&(t+=\"&client=\"+this.getClientId()),!this.getApiKey()&&!this.getClientId()){jQuery.sap.log.warning(\"No Google Maps API Key or Client ID specified. See https://developers.google.com/maps/documentation/javascript/get-api-key for instructions to get started with a key or client id.\")}return this.getLanguage()&&(t+=\"&language=\"+this.getLanguage()),this.getSignedIn()&&(t+=\"&signed_in=\"+this.getSignedIn()),t},load:function(){t.loadFromMapsApi(this)}})},!0);",
		"openui5/googlemaps/../../dist/openui5/googlemaps/MapTypeId.js": "/**\n * openui5-googlemaps - OpenUI5 Google Maps library\n * @version v1.0.4\n * @link http://jasper07.github.io/openui5-googlemaps/\n * @license MIT\n */\nsap.ui.define(\"openui5/googlemaps/MapTypeId\",[\"jquery.sap.global\"],function(e){\"use strict\";return{ROADMAP:\"roadmap\",SATELLITE:\"satellite\",HYBRID:\"hybrid\",TERRAIN:\"terrain\"}},!0);",
		"openui5/googlemaps/../../dist/openui5/googlemaps/MapUtils.js": "/**\n * openui5-googlemaps - OpenUI5 Google Maps library\n * @version v1.0.4\n * @link http://jasper07.github.io/openui5-googlemaps/\n * @license MIT\n */\nsap.ui.define([\"jquery.sap.global\",\"google.maps\"],function(e,n){\"use strict\";var t={};return t.objToLatLng=function(e){return new n.LatLng(e.lat,e.lng)},t.latLngToObj=function(e){return{lat:e.lat(),lng:e.lng()}},t.floatEqual=function(e,n){return Math.abs(e-n)<1e-6},t.latLngEqual=function(e,n){return this.floatEqual(e.lat,n.lat)&&this.floatEqual(e.lng,n.lng)},t.search=function(t){var o=e.Deferred();return n.isLoaded.then(function(){(new n.Geocoder).geocode(t,o.resolve)}),o.promise()},t.currentPosition=function(){var n=e.Deferred(),t={enableHighAccuracy:!0,timeout:5e3,maximumAge:0},o=function(e){var t={};t.lat=e.coords.latitude,t.lng=e.coords.longitude,n.resolve(t)},r=function(t){e.sap.log.info(\"ERROR(\"+t.code+\"): \"+t.message),n.reject(t)};return navigator.geolocation&&navigator.geolocation.getCurrentPosition(o,r,t),n.promise()},t.trigger=function(e,t,o){n.event.trigger(e,t,o)},t.addListener=function(e,t,o){return n.event.addListener(e,t,o)},t.geocodePosition=function(t){var o=e.Deferred(),r=function(e){e&&e.length>0?o.resolve(e[0].formatted_address):o.reject(\"Cannot determine address at this location.\")};return(new n.Geocoder).geocode({latLng:t},r),o.promise()},t},!0);",
		"openui5/googlemaps/../../dist/openui5/googlemaps/Marker.js": "/**\n * openui5-googlemaps - OpenUI5 Google Maps library\n * @version v1.0.4\n * @link http://jasper07.github.io/openui5-googlemaps/\n * @license MIT\n */\nsap.ui.define([\"jquery.sap.global\",\"sap/ui/core/Control\",\"google.maps\",\"openui5/googlemaps/MapUtils\",\"./Animation\"],function(t,e,i,n,o){\"use strict\";var s=e.extend(\"openui5.googlemaps.Marker\",{metadata:{properties:{lat:{type:\"float\",bindable:\"bindable\"},lng:{type:\"float\",bindable:\"bindable\"},draggable:{type:\"boolean\",bindable:\"bindable\",defaultValue:!1},info:{type:\"string\",bindable:\"bindable\"},icon:{type:\"any\",bindable:\"bindable\"},visible:{type:\"boolean\",bindable:\"bindable\",defaultValue:!0},animation:{type:\"int\",bindable:\"bindable\",defaultValue:o.DROP},zIndex:{type:\"int\",defaultValue:1},optimized:{type:\"boolean\",bindable:\"bindable\",defaultValue:!1}},events:{click:{},dragEnd:{},infoWindowClose:{},mouseover:{},mouseout:{}},renderer:{}}});return s.prototype.init=function(){this._dragging=!1,this.aListeners=[],this.iwMaxWidth=360},s.prototype.updatePosition=function(){this.marker&&null!==this.getLat()&&null!==this.getLng()&&(t.sap.clearDelayedCall(this.delayedCallId),this.delayedCallId=t.sap.delayedCall(0,this,function(){this.marker.setPosition(new i.LatLng(this.getLat(),this.getLng()))}))},s.prototype.setLat=function(t){this.setProperty(\"lat\",parseFloat(t),!0),this.updatePosition()},s.prototype.setLng=function(t){this.setProperty(\"lng\",parseFloat(t),!0),this.updatePosition()},s.prototype.setVisible=function(t){this.setProperty(\"visible\",t,!0),this.marker&&this.marker.setVisible(this.getVisible())},s.prototype.setIcon=function(t){this.setProperty(\"icon\",t,!0),this.marker&&this.marker.setIcon(this.getIcon())},s.prototype.getMap=function(){return this.map},s.prototype.setMap=function(t){this.map=t},s.prototype.createMarker=function(){return new i.Marker(this.getOptions())},s.prototype.setMarker=function(){this.marker||(this.marker=this.createMarker(),this.addListener(this.marker,\"click\",this.onClick.bind(this)),this.addListener(this.marker,\"mouseover\",this.onMouseover.bind(this)),this.addListener(this.marker,\"mouseout\",this.onMouseout.bind(this))),this.getDraggable()&&this.addListener(this.marker,\"dragend\",this.onDragEnd.bind(this)),this.marker.setMap(this.map),this.marker.setOptions(this.getOptions()),\"function\"==typeof this.marker.setZIndex&&this.marker.setZIndex(this.getZIndex()),this.infoWindow||(this.infoWindow=new i.InfoWindow({maxWidth:this.iwMaxWidth}),this.addListener(this.infoWindow,\"closeclick\",this.onInfoWindowClose.bind(this))),this.infoWindow.setContent(this.getInfo())},s.prototype.getOptions=function(){var t={};return t.position=new i.LatLng(this.getLat(),this.getLng()),t.draggable=this.getDraggable(),t.animation=this.getAnimation(),t.visible=this.getVisible(),t.icon=this.getIcon(),t.optimized=this.getOptimized(),t},s.prototype._mapRendered=function(t){this.setMap(t),this.setMarker()},s.prototype.addListener=function(t,e,i){this.aListeners.push(n.addListener(t,e,i))},s.prototype.removeListeners=function(){this.aListeners.forEach(function(t){t.remove()}),this.aListeners=[]},s.prototype.infoWindowOpen=function(){this.infoWindow.open(this.map,this.marker)},s.prototype.infoWindowClose=function(){this.infoWindow.close()},s.prototype.onClick=function(){this.infoWindow&&this.infoWindowOpen(),this.fireClick({map:this.map,marker:this.marker,context:this.getBindingContext(),location:{lat:this.getLat(),lng:this.getLng()}})},s.prototype.onMouseover=function(){this.fireMouseover({map:this.map,marker:this.marker,context:this.getBindingContext(),location:{lat:this.getLat(),lng:this.getLng()}})},s.prototype.onMouseout=function(){this.fireMouseout({map:this.map,marker:this.marker,context:this.getBindingContext(),location:{lat:this.getLat(),lng:this.getLng()}})},s.prototype.onDragEnd=function(){var t=this.marker.getPosition();this.setLat(t.lat()),this.setLng(t.lng()),this.fireDragEnd({position:t})},s.prototype.onInfoWindowClose=function(){this.fireInfoWindowClose({}),this.infoWindowClose()},s.prototype.reset=function(){this.map=void 0,this.marker&&(this.removeListeners(),this.marker.setMap(null))},s.prototype.exit=function(){this.reset()},s},!0);",
		"openui5/googlemaps/../../dist/openui5/googlemaps/MarkerCluster.js": "/**\n * openui5-googlemaps - OpenUI5 Google Maps library\n * @version v1.0.4\n * @link http://jasper07.github.io/openui5-googlemaps/\n * @license MIT\n */\nsap.ui.define([\"jquery.sap.global\",\"sap/ui/core/Control\",\"google.maps\",\"openui5/googlemaps/MapUtils\",\"./markerclusterer\"],function(e,t,r,s,i){\"use strict\";i=window.MarkerClusterer;var o=t.extend(\"openui5.googlemaps.MarkerCluster\",{metadata:{properties:{averageCenter:{type:\"boolean\",bindable:\"bindable\",defaultValue:!0}},defaultAggregation:\"markers\",aggregations:{markers:{type:\"openui5.googlemaps.Marker\",multiple:!0,bindable:\"bindable\"}},events:{clusteringend:{},click:{},mouseover:{},mouseout:{}},renderer:{}}});return o.prototype.init=function(){this.aListeners=[]},o.prototype._mapRendered=function(e){this.map=e,this.setClusterer()},o.prototype.onClusterClick=function(e){this.fireClick({cluster:e})},o.prototype.onClusterMouseover=function(e){this.fireMouseover({cluster:e})},o.prototype.onClusterMouseout=function(e){this.fireMouseout({cluster:e})},o.prototype.onClusteringEnd=function(){this.fireClusteringend({clusters:this.markerClusterer.getClusters()})},o.prototype._getMarkers=function(){var e=this,t=[];return this.getMarkers().forEach(function(r){r.setMarker(),r.setMap(e.map),t.push(r.marker)}),t},o.prototype.getOptions=function(){var t=e.sap.getModulePath(\"openui5.googlemaps.themes.base\"),r=t+\"/img\",s={styles:[{height:53,url:r+\"/m1.png\",width:53},{height:56,url:r+\"/m2.png\",width:56},{height:66,url:r+\"/m3.png\",width:66},{height:78,url:r+\"/m4.png\",width:78},{height:90,url:r+\"/m5.png\",width:90}]};return s.averageCenter=this.getAverageCenter(),s},o.prototype.setClusterer=function(){this.markerClusterer=new i(this.map,this._getMarkers(),this.getOptions()),this.addListener(\"clusteringend\",this.onClusteringEnd.bind(this)),this.addListener(\"click\",this.onClusterClick.bind(this)),this.addListener(\"mouseover\",this.onClusterMouseover.bind(this)),this.addListener(\"mouseout\",this.onClusterMouseout.bind(this))},o.prototype.addListener=function(e,t){this.aListeners.push(s.addListener(this.markerClusterer,e,t))},o.prototype.removeListeners=function(){this.aListeners.forEach(function(e){e.remove()}),this.aListeners=[]},o.prototype.reset=function(){this.markerClusterer&&(this.removeListeners(),this.markerClusterer=void 0)},o.prototype.exit=function(){this.reset()},o},!0);",
		"openui5/googlemaps/../../dist/openui5/googlemaps/markerclusterer.js": "/**\n * openui5-googlemaps - OpenUI5 Google Maps library\n * @version v1.0.4\n * @link http://jasper07.github.io/openui5-googlemaps/\n * @license MIT\n */\n/**\n * Licensed under the Apache License, Version 2.0 (the \"License\");\n * you may not use this file except in compliance with the License.\n * You may obtain a copy of the License at\n *\n *     http://www.apache.org/licenses/LICENSE-2.0\n *\n * Unless required by applicable law or agreed to in writing, software\n * distributed under the License is distributed on an \"AS IS\" BASIS,\n * WITHOUT WARRANTIES OR CONDITIONS OF ANY KIND, either express or implied.\n * See the License for the specific language governing permissions and\n * limitations under the License.\n */\nfunction ClusterIcon(t,e){t.getMarkerClusterer().extend(ClusterIcon,google.maps.OverlayView),this.cluster_=t,this.className_=t.getMarkerClusterer().getClusterClass(),this.styles_=e,this.center_=null,this.div_=null,this.sums_=null,this.visible_=!1,this.setMap(t.getMap())}function Cluster(t){this.markerClusterer_=t,this.map_=t.getMap(),this.gridSize_=t.getGridSize(),this.minClusterSize_=t.getMinimumClusterSize(),this.averageCenter_=t.getAverageCenter(),this.markers_=[],this.center_=null,this.bounds_=null,this.clusterIcon_=new ClusterIcon(this,t.getStyles())}function MarkerClusterer(t,e,r){this.extend(MarkerClusterer,google.maps.OverlayView),e=e||[],r=r||{},this.markers_=[],this.clusters_=[],this.listeners_=[],this.activeMap_=null,this.ready_=!1,this.gridSize_=r.gridSize||60,this.minClusterSize_=r.minimumClusterSize||2,this.maxZoom_=r.maxZoom||null,this.styles_=r.styles||[],this.title_=r.title||\"\",this.zoomOnClick_=!0,void 0!==r.zoomOnClick&&(this.zoomOnClick_=r.zoomOnClick),this.averageCenter_=!1,void 0!==r.averageCenter&&(this.averageCenter_=r.averageCenter),this.ignoreHidden_=!1,void 0!==r.ignoreHidden&&(this.ignoreHidden_=r.ignoreHidden),this.enableRetinaIcons_=!1,void 0!==r.enableRetinaIcons&&(this.enableRetinaIcons_=r.enableRetinaIcons),this.imagePath_=r.imagePath||MarkerClusterer.IMAGE_PATH,this.imageExtension_=r.imageExtension||MarkerClusterer.IMAGE_EXTENSION,this.imageSizes_=r.imageSizes||MarkerClusterer.IMAGE_SIZES,this.calculator_=r.calculator||MarkerClusterer.CALCULATOR,this.batchSize_=r.batchSize||MarkerClusterer.BATCH_SIZE,this.batchSizeIE_=r.batchSizeIE||MarkerClusterer.BATCH_SIZE_IE,this.clusterClass_=r.clusterClass||\"cluster\",-1!==navigator.userAgent.toLowerCase().indexOf(\"msie\")&&(this.batchSize_=this.batchSizeIE_),this.setupStyles_(),this.addMarkers(e,!0),this.setMap(t)}ClusterIcon.prototype.onAdd=function(){var t,e,r=this;this.div_=document.createElement(\"div\"),this.div_.className=this.className_,this.visible_&&this.show(),this.getPanes().overlayMouseTarget.appendChild(this.div_),this.boundsChangedListener_=google.maps.event.addListener(this.getMap(),\"bounds_changed\",function(){e=t}),google.maps.event.addDomListener(this.div_,\"mousedown\",function(){t=!0,e=!1}),google.maps.event.addDomListener(this.div_,\"click\",function(s){if(t=!1,!e){var i,o,n=r.cluster_.getMarkerClusterer();google.maps.event.trigger(n,\"click\",r.cluster_),google.maps.event.trigger(n,\"clusterclick\",r.cluster_),n.getZoomOnClick()&&(o=n.getMaxZoom(),i=r.cluster_.getBounds(),n.getMap().fitBounds(i),setTimeout(function(){n.getMap().fitBounds(i),null!==o&&n.getMap().getZoom()>o&&n.getMap().setZoom(o+1)},100)),s.cancelBubble=!0,s.stopPropagation&&s.stopPropagation()}}),google.maps.event.addDomListener(this.div_,\"mouseover\",function(){var t=r.cluster_.getMarkerClusterer();google.maps.event.trigger(t,\"mouseover\",r.cluster_)}),google.maps.event.addDomListener(this.div_,\"mouseout\",function(){var t=r.cluster_.getMarkerClusterer();google.maps.event.trigger(t,\"mouseout\",r.cluster_)})},ClusterIcon.prototype.onRemove=function(){this.div_&&this.div_.parentNode&&(this.hide(),google.maps.event.removeListener(this.boundsChangedListener_),google.maps.event.clearInstanceListeners(this.div_),this.div_.parentNode.removeChild(this.div_),this.div_=null)},ClusterIcon.prototype.draw=function(){if(this.visible_){var t=this.getPosFromLatLng_(this.center_);this.div_.style.top=t.y+\"px\",this.div_.style.left=t.x+\"px\"}},ClusterIcon.prototype.hide=function(){this.div_&&(this.div_.style.display=\"none\"),this.visible_=!1},ClusterIcon.prototype.show=function(){if(this.div_){var t=\"\",e=this.backgroundPosition_.split(\" \"),r=parseInt(e[0].replace(/^\\s+|\\s+$/g,\"\"),10),s=parseInt(e[1].replace(/^\\s+|\\s+$/g,\"\"),10),i=this.getPosFromLatLng_(this.center_);this.div_.style.cssText=this.createCss(i),t=\"<img src='\"+this.url_+\"' style='position: absolute; top: \"+s+\"px; left: \"+r+\"px; \",this.cluster_.getMarkerClusterer().enableRetinaIcons_||(t+=\"clip: rect(\"+-1*s+\"px, \"+(-1*r+this.width_)+\"px, \"+(-1*s+this.height_)+\"px, \"+-1*r+\"px);\"),t+=\"'>\",this.div_.innerHTML=t+\"<div style='position: absolute;top: \"+this.anchorText_[0]+\"px;left: \"+this.anchorText_[1]+\"px;color: \"+this.textColor_+\";font-size: \"+this.textSize_+\"px;font-family: \"+this.fontFamily_+\";font-weight: \"+this.fontWeight_+\";font-style: \"+this.fontStyle_+\";text-decoration: \"+this.textDecoration_+\";text-align: center;width: \"+this.width_+\"px;line-height:\"+this.height_+\"px;'>\"+this.sums_.text+\"</div>\",void 0===this.sums_.title||\"\"===this.sums_.title?this.div_.title=this.cluster_.getMarkerClusterer().getTitle():this.div_.title=this.sums_.title,this.div_.style.display=\"\"}this.visible_=!0},ClusterIcon.prototype.useStyle=function(t){this.sums_=t;var e=Math.max(0,t.index-1);e=Math.min(this.styles_.length-1,e);var r=this.styles_[e];this.url_=r.url,this.height_=r.height,this.width_=r.width,this.anchorText_=r.anchorText||[0,0],this.anchorIcon_=r.anchorIcon||[parseInt(this.height_/2,10),parseInt(this.width_/2,10)],this.textColor_=r.textColor||\"black\",this.textSize_=r.textSize||11,this.textDecoration_=r.textDecoration||\"none\",this.fontWeight_=r.fontWeight||\"bold\",this.fontStyle_=r.fontStyle||\"normal\",this.fontFamily_=r.fontFamily||\"Arial,sans-serif\",this.backgroundPosition_=r.backgroundPosition||\"0 0\"},ClusterIcon.prototype.setCenter=function(t){this.center_=t},ClusterIcon.prototype.createCss=function(t){var e=[];return e.push(\"cursor: pointer;\"),e.push(\"position: absolute; top: \"+t.y+\"px; left: \"+t.x+\"px;\"),e.push(\"width: \"+this.width_+\"px; height: \"+this.height_+\"px;\"),e.join(\"\")},ClusterIcon.prototype.getPosFromLatLng_=function(t){var e=this.getProjection().fromLatLngToDivPixel(t);return e.x-=this.anchorIcon_[1],e.y-=this.anchorIcon_[0],e.x=parseInt(e.x,10),e.y=parseInt(e.y,10),e},Cluster.prototype.getSize=function(){return this.markers_.length},Cluster.prototype.getMarkers=function(){return this.markers_},Cluster.prototype.getCenter=function(){return this.center_},Cluster.prototype.getMap=function(){return this.map_},Cluster.prototype.getMarkerClusterer=function(){return this.markerClusterer_},Cluster.prototype.getBounds=function(){var t,e=new google.maps.LatLngBounds(this.center_,this.center_),r=this.getMarkers();for(t=0;t<r.length;t++)e.extend(r[t].getPosition());return e},Cluster.prototype.remove=function(){this.clusterIcon_.setMap(null),this.markers_=[],delete this.markers_},Cluster.prototype.addMarker=function(t){var e,r,s;if(this.isMarkerAlreadyAdded_(t))return!1;if(this.center_){if(this.averageCenter_){var i=this.markers_.length+1,o=(this.center_.lat()*(i-1)+t.getPosition().lat())/i,n=(this.center_.lng()*(i-1)+t.getPosition().lng())/i;this.center_=new google.maps.LatLng(o,n),this.calculateBounds_()}}else this.center_=t.getPosition(),this.calculateBounds_();if(t.isAdded=!0,this.markers_.push(t),r=this.markers_.length,null!==(s=this.markerClusterer_.getMaxZoom())&&this.map_.getZoom()>s)t.getMap()!==this.map_&&t.setMap(this.map_);else if(r<this.minClusterSize_)t.getMap()!==this.map_&&t.setMap(this.map_);else if(r===this.minClusterSize_)for(e=0;e<r;e++)this.markers_[e].setMap(null);else t.setMap(null);return this.updateIcon_(),!0},Cluster.prototype.isMarkerInClusterBounds=function(t){return this.bounds_.contains(t.getPosition())},Cluster.prototype.calculateBounds_=function(){var t=new google.maps.LatLngBounds(this.center_,this.center_);this.bounds_=this.markerClusterer_.getExtendedBounds(t)},Cluster.prototype.updateIcon_=function(){var t=this.markers_.length,e=this.markerClusterer_.getMaxZoom();if(null!==e&&this.map_.getZoom()>e)return void this.clusterIcon_.hide();if(t<this.minClusterSize_)return void this.clusterIcon_.hide();var r=this.markerClusterer_.getStyles().length,s=this.markerClusterer_.getCalculator()(this.markers_,r);this.clusterIcon_.setCenter(this.center_),this.clusterIcon_.useStyle(s),this.clusterIcon_.show()},Cluster.prototype.isMarkerAlreadyAdded_=function(t){var e;if(this.markers_.indexOf)return-1!==this.markers_.indexOf(t);for(e=0;e<this.markers_.length;e++)if(t===this.markers_[e])return!0;return!1},MarkerClusterer.prototype.onAdd=function(){var t=this;this.activeMap_=this.getMap(),this.ready_=!0,this.repaint(),this.listeners_=[google.maps.event.addListener(this.getMap(),\"zoom_changed\",function(){t.resetViewport_(!1),this.getZoom()!==(this.get(\"minZoom\")||0)&&this.getZoom()!==this.get(\"maxZoom\")||google.maps.event.trigger(this,\"idle\")}),google.maps.event.addListener(this.getMap(),\"idle\",function(){t.redraw_()})]},MarkerClusterer.prototype.onRemove=function(){var t;for(t=0;t<this.markers_.length;t++)this.markers_[t].getMap()!==this.activeMap_&&this.markers_[t].setMap(this.activeMap_);for(t=0;t<this.clusters_.length;t++)this.clusters_[t].remove();for(this.clusters_=[],t=0;t<this.listeners_.length;t++)google.maps.event.removeListener(this.listeners_[t]);this.listeners_=[],this.activeMap_=null,this.ready_=!1},MarkerClusterer.prototype.draw=function(){},MarkerClusterer.prototype.setupStyles_=function(){var t,e;if(!(this.styles_.length>0))for(t=0;t<this.imageSizes_.length;t++)e=this.imageSizes_[t],this.styles_.push({url:this.imagePath_+(t+1)+\".\"+this.imageExtension_,height:e,width:e})},MarkerClusterer.prototype.fitMapToMarkers=function(){var t,e=this.getMarkers(),r=new google.maps.LatLngBounds;for(t=0;t<e.length;t++)r.extend(e[t].getPosition());this.getMap().fitBounds(r)},MarkerClusterer.prototype.getGridSize=function(){return this.gridSize_},MarkerClusterer.prototype.setGridSize=function(t){this.gridSize_=t},MarkerClusterer.prototype.getMinimumClusterSize=function(){return this.minClusterSize_},MarkerClusterer.prototype.setMinimumClusterSize=function(t){this.minClusterSize_=t},MarkerClusterer.prototype.getMaxZoom=function(){return this.maxZoom_},MarkerClusterer.prototype.setMaxZoom=function(t){this.maxZoom_=t},MarkerClusterer.prototype.getStyles=function(){return this.styles_},MarkerClusterer.prototype.setStyles=function(t){this.styles_=t},MarkerClusterer.prototype.getTitle=function(){return this.title_},MarkerClusterer.prototype.setTitle=function(t){this.title_=t},MarkerClusterer.prototype.getZoomOnClick=function(){return this.zoomOnClick_},MarkerClusterer.prototype.setZoomOnClick=function(t){this.zoomOnClick_=t},MarkerClusterer.prototype.getAverageCenter=function(){return this.averageCenter_},MarkerClusterer.prototype.setAverageCenter=function(t){this.averageCenter_=t},MarkerClusterer.prototype.getIgnoreHidden=function(){return this.ignoreHidden_},MarkerClusterer.prototype.setIgnoreHidden=function(t){this.ignoreHidden_=t},MarkerClusterer.prototype.getEnableRetinaIcons=function(){return this.enableRetinaIcons_},MarkerClusterer.prototype.setEnableRetinaIcons=function(t){this.enableRetinaIcons_=t},MarkerClusterer.prototype.getImageExtension=function(){return this.imageExtension_},MarkerClusterer.prototype.setImageExtension=function(t){this.imageExtension_=t},MarkerClusterer.prototype.getImagePath=function(){return this.imagePath_},MarkerClusterer.prototype.setImagePath=function(t){this.imagePath_=t},MarkerClusterer.prototype.getImageSizes=function(){return this.imageSizes_},MarkerClusterer.prototype.setImageSizes=function(t){this.imageSizes_=t},MarkerClusterer.prototype.getCalculator=function(){return this.calculator_},MarkerClusterer.prototype.setCalculator=function(t){this.calculator_=t},MarkerClusterer.prototype.getBatchSizeIE=function(){return this.batchSizeIE_},MarkerClusterer.prototype.setBatchSizeIE=function(t){this.batchSizeIE_=t},MarkerClusterer.prototype.getClusterClass=function(){return this.clusterClass_},MarkerClusterer.prototype.setClusterClass=function(t){this.clusterClass_=t},MarkerClusterer.prototype.getMarkers=function(){return this.markers_},MarkerClusterer.prototype.getTotalMarkers=function(){return this.markers_.length},MarkerClusterer.prototype.getClusters=function(){return this.clusters_},MarkerClusterer.prototype.getTotalClusters=function(){return this.clusters_.length},MarkerClusterer.prototype.addMarker=function(t,e){this.pushMarkerTo_(t),e||this.redraw_()},MarkerClusterer.prototype.addMarkers=function(t,e){var r;for(r in t)t.hasOwnProperty(r)&&this.pushMarkerTo_(t[r]);e||this.redraw_()},MarkerClusterer.prototype.pushMarkerTo_=function(t){if(t.getDraggable()){var e=this;google.maps.event.addListener(t,\"dragend\",function(){e.ready_&&(this.isAdded=!1,e.repaint())})}t.isAdded=!1,this.markers_.push(t)},MarkerClusterer.prototype.removeMarker=function(t,e){var r=this.removeMarker_(t);return!e&&r&&this.repaint(),r},MarkerClusterer.prototype.removeMarkers=function(t,e){var r,s,i=!1;for(r=0;r<t.length;r++)s=this.removeMarker_(t[r]),i=i||s;return!e&&i&&this.repaint(),i},MarkerClusterer.prototype.removeMarker_=function(t){var e,r=-1;if(this.markers_.indexOf)r=this.markers_.indexOf(t);else for(e=0;e<this.markers_.length;e++)if(t===this.markers_[e]){r=e;break}return-1!==r&&(t.setMap(null),this.markers_.splice(r,1),!0)},MarkerClusterer.prototype.clearMarkers=function(){this.resetViewport_(!0),this.markers_=[]},MarkerClusterer.prototype.repaint=function(){var t=this.clusters_.slice();this.clusters_=[],this.resetViewport_(!1),this.redraw_(),setTimeout(function(){var e;for(e=0;e<t.length;e++)t[e].remove()},0)},MarkerClusterer.prototype.getExtendedBounds=function(t){var e=this.getProjection(),r=new google.maps.LatLng(t.getNorthEast().lat(),t.getNorthEast().lng()),s=new google.maps.LatLng(t.getSouthWest().lat(),t.getSouthWest().lng()),i=e.fromLatLngToDivPixel(r);i.x+=this.gridSize_,i.y-=this.gridSize_;var o=e.fromLatLngToDivPixel(s);o.x-=this.gridSize_,o.y+=this.gridSize_;var n=e.fromDivPixelToLatLng(i),a=e.fromDivPixelToLatLng(o);return t.extend(n),t.extend(a),t},MarkerClusterer.prototype.redraw_=function(){this.createClusters_(0)},MarkerClusterer.prototype.resetViewport_=function(t){var e,r;for(e=0;e<this.clusters_.length;e++)this.clusters_[e].remove();for(this.clusters_=[],e=0;e<this.markers_.length;e++)r=this.markers_[e],r.isAdded=!1,t&&r.setMap(null)},MarkerClusterer.prototype.distanceBetweenPoints_=function(t,e){var r=(e.lat()-t.lat())*Math.PI/180,s=(e.lng()-t.lng())*Math.PI/180,i=Math.sin(r/2)*Math.sin(r/2)+Math.cos(t.lat()*Math.PI/180)*Math.cos(e.lat()*Math.PI/180)*Math.sin(s/2)*Math.sin(s/2);return 2*Math.atan2(Math.sqrt(i),Math.sqrt(1-i))*6371},MarkerClusterer.prototype.isMarkerInBounds_=function(t,e){return e.contains(t.getPosition())},MarkerClusterer.prototype.addToClosestCluster_=function(t){var e,r,s,i,o=4e4,n=null;for(e=0;e<this.clusters_.length;e++)s=this.clusters_[e],(i=s.getCenter())&&(r=this.distanceBetweenPoints_(i,t.getPosition()))<o&&(o=r,n=s);n&&n.isMarkerInClusterBounds(t)?n.addMarker(t):(s=new Cluster(this),s.addMarker(t),this.clusters_.push(s))},MarkerClusterer.prototype.createClusters_=function(t){var e,r,s,i=this;if(this.ready_){0===t&&(google.maps.event.trigger(this,\"clusteringbegin\",this),void 0!==this.timerRefStatic&&(clearTimeout(this.timerRefStatic),delete this.timerRefStatic)),s=this.getMap().getZoom()>3?new google.maps.LatLngBounds(this.getMap().getBounds().getSouthWest(),this.getMap().getBounds().getNorthEast()):new google.maps.LatLngBounds(new google.maps.LatLng(85.02070771743472,-178.48388434375),new google.maps.LatLng(-85.08136444384544,178.00048865625));var o=this.getExtendedBounds(s),n=Math.min(t+this.batchSize_,this.markers_.length);for(e=t;e<n;e++)r=this.markers_[e],!r.isAdded&&this.isMarkerInBounds_(r,o)&&(!this.ignoreHidden_||this.ignoreHidden_&&r.getVisible())&&this.addToClosestCluster_(r);n<this.markers_.length?this.timerRefStatic=setTimeout(function(){i.createClusters_(n)},0):(delete this.timerRefStatic,google.maps.event.trigger(this,\"clusteringend\",this))}},MarkerClusterer.prototype.extend=function(t,e){return function(t){var e;for(e in t.prototype)this.prototype[e]=t.prototype[e];return this}.apply(t,[e])},MarkerClusterer.CALCULATOR=function(t,e){for(var r=0,s=t.length.toString(),i=s;0!==i;)i=parseInt(i/10,10),r++;return r=Math.min(r,e),{text:s,index:r,title:\"\"}},MarkerClusterer.BATCH_SIZE=2e3,MarkerClusterer.BATCH_SIZE_IE=500,MarkerClusterer.IMAGE_PATH=location.protocol.replace(\"file\",\"https\")+\"//google-maps-utility-library-v3.googlecode.com/svn/trunk/markerclustererplus/images/m\",MarkerClusterer.IMAGE_EXTENSION=\"png\",MarkerClusterer.IMAGE_SIZES=[53,56,66,78,90];",
		"openui5/googlemaps/../../dist/openui5/googlemaps/Polygon.js": "/**\n * openui5-googlemaps - OpenUI5 Google Maps library\n * @version v1.0.4\n * @link http://jasper07.github.io/openui5-googlemaps/\n * @license MIT\n */\nsap.ui.define([\"jquery.sap.global\",\"sap/ui/core/Control\",\"google.maps\",\"./MapUtils\"],function(t,e,o,i){\"use strict\";var l=e.extend(\"openui5.googlemaps.Polygon\",{metadata:{properties:{strokeColor:{type:\"sap.ui.core.CSSColor\",group:\"Appearance\",defaultValue:null},strokeOpacity:{type:\"float\",bindable:\"bindable\"},strokeWeight:{type:\"float\",bindable:\"bindable\"},fillColor:{type:\"string\",bindable:\"bindable\"},fillOpacity:{type:\"float\",bindable:\"bindable\"},paths:{type:\"object\",bindable:\"bindable\"},visible:{type:\"boolean\",bindable:\"bindable\",defaultValue:!0},draggable:{type:\"boolean\"}},renderer:{}}});return l.prototype.setVisible=function(t){this.setProperty(\"visible\",t,!0),this.polygon&&this.polygon.setVisible(this.getVisible())},l.prototype.parsePaths=function(){var t=[];return this.getPaths()&&this.getPaths().forEach(function(e){t.push(i.objToLatLng(e))}),t},l.prototype.createPolygon=function(){this.polygon||(this.polygon=new o.Polygon),this.polygon.setMap(this.map),this.polygon.setOptions(this.getOptions())},l.prototype.getOptions=function(){var t={};return t.paths=this.parsePaths(),t.strokeColor=this.getStrokeColor(),t.strokeOpacity=this.getStrokeOpacity(),t.strokeWeight=this.getStrokeWeight(),t.fillOpacity=this.getFillOpacity(),t.fillColor=this.getFillColor(),t.visible=this.getVisible(),t.draggable=this.getDraggable(),t},l.prototype._mapRendered=function(t){this.map=t,this.createPolygon()},l.prototype.reset=function(){this.map=void 0,this.polygon&&this.polygon.setMap(null)},l.prototype.exit=function(){this.reset()},l},!0);",
		"openui5/googlemaps/../../dist/openui5/googlemaps/Polyline.js": "/**\n * openui5-googlemaps - OpenUI5 Google Maps library\n * @version v1.0.4\n * @link http://jasper07.github.io/openui5-googlemaps/\n * @license MIT\n */\nsap.ui.define([\"jquery.sap.global\",\"sap/ui/core/Control\",\"google.maps\",\"./MapUtils\"],function(t,e,i,o){\"use strict\";var s=e.extend(\"openui5.googlemaps.Polyline\",{metadata:{properties:{strokeColor:{type:\"sap.ui.core.CSSColor\",group:\"Appearance\",defaultValue:null},strokeOpacity:{type:\"float\"},strokeWeight:{type:\"float\"},icons:{type:\"object\"},path:{type:\"object\",bindable:\"bindable\"},visible:{type:\"boolean\",bindable:\"bindable\",defaultValue:!0},draggable:{type:\"boolean\"}},renderer:{}}});return s.prototype.setVisible=function(t){this.setProperty(\"visible\",t,!0),this.polyline&&this.polyline.setVisible(this.getVisible())},s.prototype.parsePath=function(){var t=[];return this.getPath()&&this.getPath().forEach(function(e){t.push(o.objToLatLng(e))}),t},s.prototype.createPolyline=function(){this.polyline||(this.polyline=new i.Polyline),this.polyline.setMap(this.map),this.polyline.setOptions(this.getOptions())},s.prototype.getOptions=function(){var t={};return t.path=this.parsePath(),t.strokeColor=this.getStrokeColor(),t.strokeOpacity=this.getStrokeOpacity(),t.strokeWeight=this.getStrokeWeight(),t.visible=this.getVisible(),t.draggable=this.getDraggable(),t.icons=this.getIcons(),t},s.prototype._mapRendered=function(t){this.map=t,this.createPolyline()},s.prototype.reset=function(){this.map=void 0,this.polyline&&this.polyline.setMap(null)},s.prototype.exit=function(){this.reset()},s},!0);",
		"openui5/googlemaps/../../dist/openui5/googlemaps/TravelMode.js": "/**\n * openui5-googlemaps - OpenUI5 Google Maps library\n * @version v1.0.4\n * @link http://jasper07.github.io/openui5-googlemaps/\n * @license MIT\n */\nsap.ui.define(\"openui5/googlemaps/TravelMode\",[\"jquery.sap.global\"],function(i){\"use strict\";return{driving:\"DRIVING\",walking:\"WALKING\",bicycling:\"BICYCLING\",transit:\"TRANSIT\"}},!0);",
		"openui5/googlemaps/../../dist/openui5/googlemaps/UnitSystem.js": "/**\n * openui5-googlemaps - OpenUI5 Google Maps library\n * @version v1.0.4\n * @link http://jasper07.github.io/openui5-googlemaps/\n * @license MIT\n */\nsap.ui.define(\"openui5/googlemaps/UnitSystem\",[\"jquery.sap.global\"],function(e){\"use strict\";return{IMPERIAL:1,METRIC:0}},!0);",
		"openui5/googlemaps/../../dist/openui5/googlemaps/Waypoint.js": "/**\n * openui5-googlemaps - OpenUI5 Google Maps library\n * @version v1.0.4\n * @link http://jasper07.github.io/openui5-googlemaps/\n * @license MIT\n */\nsap.ui.define([\"jquery.sap.global\",\"sap/ui/core/Control\",\"google.maps\",\"./MapUtils\"],function(e,o,t,a){\"use strict\";return o.extend(\"openui5.googlemaps.Waypoint\",{metadata:{properties:{location:{type:\"string\"},stopover:{type:\"boolean\"}},renderer:{}}})},!0);"
	}
}